customer_id,login_days_30d,order_count_90d,membership_months,days_since_last_login,monthly_fee,support_tickets_90d,contract_type,region,device_type,next_30d_churn
1,2,6.0,49,31,56137.0,2.0,annual,other,mobile,0
2,23,2.0,33,40,68460.0,2.0,monthly,seoul,mobile,1
3,20,2.0,56,15,54803.0,1.0,monthly,seoul,desktop,0
4,13,2.0,45,46,50251.0,,,seoul,mobile,1
5,13,2.0,57,38,51238.0,1.0,two_year,seoul,desktop,1
6,26,3.0,34,10,69887.0,1.0,annual,gyeonggi,desktop,0
7,2,2.0,1,57,73377.0,0.0,monthly,seoul,desktop,0
8,21,6.0,10,2,44993.0,2.0,monthly,seoul,desktop,0
9,6,1.0,34,39,44971.0,1.0,monthly,other,mobile,1
10,2,2.0,29,26,60690.0,1.0,monthly,gyeonggi,mobile,0
11,16,6.0,58,39,77913.0,0.0,annual,other,desktop,0
12,30,2.0,30,47,72190.0,3.0,annual,seoul,mobile,1
13,22,3.0,62,41,36222.0,3.0,monthly,other,mobile,1
14,23,2.0,14,39,51039.0,2.0,annual,gyeonggi,mobile,0
15,22,2.0,28,51,41041.0,1.0,annual,gyeonggi,mobile,0
16,24,2.0,55,42,50987.0,4.0,annual,seoul,desktop,0
17,15,5.0,9,49,79066.0,2.0,monthly,other,mobile,0
18,3,1.0,24,24,33661.0,1.0,monthly,gyeonggi,desktop,1
19,26,5.0,55,12,30717.0,0.0,monthly,other,tablet,0
20,13,5.0,43,14,42572.0,3.0,monthly,gyeonggi,mobile,0
21,15,2.0,57,37,59310.0,2.0,monthly,other,desktop,1
22,11,3.0,38,32,64311.0,2.0,monthly,gyeonggi,mobile,1
23,5,1.0,62,4,61562.0,0.0,monthly,other,mobile,1
24,28,4.0,64,12,72635.0,0.0,monthly,seoul,mobile,0
25,24,5.0,71,59,28554.0,1.0,two_year,,mobile,0
26,19,6.0,9,44,72825.0,0.0,annual,gyeonggi,mobile,0
27,12,6.0,43,46,50319.0,0.0,monthly,gyeonggi,mobile,0
28,25,3.0,9,12,,0.0,two_year,gyeonggi,mobile,0
29,16,0.0,17,3,35149.0,1.0,,gyeonggi,mobile,0
30,13,7.0,22,17,55074.0,1.0,monthly,gyeonggi,desktop,0
31,13,4.0,47,52,58544.0,0.0,annual,other,mobile,1
32,7,1.0,32,30,72336.0,0.0,monthly,seoul,desktop,1
33,2,,63,47,31221.0,1.0,monthly,other,tablet,1
34,17,3.0,22,29,55461.0,1.0,monthly,seoul,desktop,1
35,27,3.0,45,29,,1.0,annual,gyeonggi,desktop,0
36,1,2.0,55,36,62582.0,2.0,annual,other,desktop,0
37,26,4.0,71,58,66658.0,0.0,monthly,seoul,desktop,0
38,25,4.0,18,26,74308.0,,monthly,seoul,tablet,1
39,8,2.0,53,36,46975.0,0.0,monthly,seoul,tablet,1
40,19,1.0,7,56,68908.0,1.0,annual,gyeonggi,mobile,0
41,5,5.0,40,22,75414.0,3.0,monthly,seoul,desktop,1
42,23,6.0,30,51,30351.0,2.0,two_year,,desktop,1
43,21,1.0,70,32,64185.0,3.0,annual,other,mobile,0
44,10,1.0,56,53,69378.0,0.0,,seoul,mobile,1
45,2,0.0,67,28,51119.0,2.0,annual,gyeonggi,desktop,1
46,30,3.0,62,38,36838.0,0.0,monthly,gyeonggi,desktop,0
47,13,5.0,30,19,69144.0,1.0,monthly,seoul,mobile,0
48,27,5.0,53,38,37007.0,1.0,monthly,seoul,mobile,0
49,21,2.0,3,19,52325.0,0.0,monthly,other,mobile,0
50,24,2.0,41,37,54398.0,0.0,annual,gyeonggi,mobile,0
51,23,6.0,4,48,65733.0,0.0,two_year,seoul,tablet,0
52,6,5.0,53,26,45601.0,2.0,monthly,other,desktop,1
53,11,4.0,70,26,44731.0,3.0,monthly,gyeonggi,mobile,1
54,14,2.0,50,19,56484.0,1.0,annual,seoul,mobile,0
55,15,1.0,61,44,70096.0,3.0,monthly,gyeonggi,desktop,1
56,1,3.0,17,36,89312.0,1.0,monthly,gyeonggi,desktop,1
57,16,1.0,72,31,32388.0,1.0,two_year,seoul,mobile,0
58,4,1.0,40,1,59730.0,3.0,annual,other,mobile,1
59,23,2.0,49,6,38702.0,,,seoul,mobile,0
60,21,1.0,56,0,70282.0,1.0,monthly,seoul,desktop,0
61,28,2.0,47,51,40922.0,1.0,monthly,seoul,desktop,1
62,23,3.0,23,51,44880.0,2.0,monthly,gyeonggi,mobile,1
63,11,4.0,45,4,46161.0,2.0,two_year,gyeonggi,tablet,0
64,29,3.0,48,2,53857.0,2.0,monthly,other,desktop,0
65,12,1.0,62,47,59848.0,3.0,monthly,seoul,tablet,1
66,10,2.0,35,32,62256.0,1.0,monthly,other,mobile,1
67,28,0.0,37,18,54913.0,0.0,annual,gyeonggi,mobile,0
68,11,2.0,37,37,,3.0,annual,seoul,tablet,0
69,2,1.0,9,14,65917.0,1.0,annual,seoul,tablet,0
70,14,2.0,7,12,54206.0,,,other,tablet,0
71,24,3.0,2,22,,2.0,annual,seoul,desktop,0
72,5,5.0,48,54,44384.0,1.0,monthly,gyeonggi,mobile,1
73,14,6.0,31,46,30966.0,0.0,monthly,gyeonggi,mobile,0
74,4,3.0,63,11,54490.0,2.0,monthly,seoul,mobile,1
75,21,1.0,51,34,74439.0,0.0,annual,other,tablet,0
76,14,0.0,11,53,57414.0,1.0,monthly,other,mobile,1
77,10,1.0,8,58,52005.0,3.0,two_year,gyeonggi,desktop,0
78,7,4.0,27,46,41945.0,2.0,monthly,gyeonggi,tablet,0
79,17,3.0,67,7,81366.0,1.0,monthly,gyeonggi,tablet,0
80,20,4.0,4,14,39556.0,1.0,annual,gyeonggi,tablet,0
81,29,0.0,14,13,44119.0,1.0,annual,seoul,mobile,0
82,13,5.0,3,9,63551.0,0.0,monthly,gyeonggi,mobile,0
83,4,2.0,30,10,27160.0,1.0,annual,seoul,tablet,0
84,25,4.0,72,19,74119.0,2.0,monthly,gyeonggi,mobile,0
85,19,3.0,50,33,64363.0,2.0,monthly,gyeonggi,mobile,0
86,21,5.0,36,24,68488.0,1.0,annual,seoul,tablet,0
87,3,4.0,11,25,63372.0,2.0,annual,other,desktop,0
88,9,3.0,26,14,52583.0,1.0,monthly,seoul,mobile,0
89,23,3.0,38,9,39053.0,0.0,monthly,seoul,mobile,0
90,25,2.0,20,60,52899.0,0.0,annual,seoul,mobile,1
91,13,6.0,51,36,40371.0,0.0,monthly,gyeonggi,tablet,0
92,24,5.0,71,14,62292.0,0.0,two_year,,desktop,0
93,26,4.0,15,49,67102.0,2.0,annual,gyeonggi,mobile,0
94,12,1.0,19,50,77152.0,1.0,two_year,gyeonggi,mobile,0
95,27,5.0,10,58,60577.0,0.0,monthly,seoul,desktop,1
96,8,5.0,53,9,,3.0,annual,other,tablet,1
97,7,2.0,34,39,50543.0,3.0,monthly,seoul,mobile,1
98,21,,21,59,47826.0,0.0,monthly,gyeonggi,desktop,1
99,19,4.0,16,49,62105.0,3.0,monthly,seoul,mobile,1
100,4,3.0,6,13,49203.0,2.0,monthly,gyeonggi,mobile,0
101,25,2.0,35,54,59038.0,2.0,two_year,other,mobile,0
102,6,1.0,50,25,39082.0,1.0,annual,seoul,mobile,0
103,24,4.0,17,29,41776.0,2.0,annual,seoul,mobile,1
104,0,4.0,1,34,64531.0,,,seoul,mobile,0
105,24,4.0,35,47,68300.0,1.0,annual,seoul,mobile,0
106,24,2.0,49,7,40215.0,1.0,annual,other,mobile,0
107,24,3.0,25,32,65059.0,1.0,annual,gyeonggi,mobile,0
108,20,1.0,19,49,47009.0,2.0,annual,gyeonggi,desktop,1
109,14,4.0,12,33,55248.0,3.0,annual,other,mobile,0
110,21,3.0,54,16,,1.0,monthly,other,mobile,0
111,8,,63,3,67112.0,2.0,two_year,other,tablet,0
112,24,2.0,56,33,66938.0,1.0,monthly,seoul,mobile,1
113,17,2.0,38,42,83632.0,1.0,monthly,seoul,desktop,0
114,14,5.0,53,33,44442.0,1.0,two_year,seoul,desktop,1
115,15,1.0,29,59,,1.0,monthly,seoul,desktop,1
116,17,6.0,2,36,44168.0,4.0,monthly,seoul,mobile,0
117,1,2.0,27,31,51182.0,1.0,monthly,seoul,mobile,1
118,4,4.0,51,3,19682.0,1.0,monthly,seoul,desktop,0
119,7,2.0,47,34,51889.0,0.0,two_year,,desktop,1
120,3,2.0,72,10,46831.0,1.0,annual,seoul,mobile,0
121,13,4.0,72,44,66756.0,1.0,monthly,seoul,desktop,0
122,20,4.0,18,9,60286.0,0.0,two_year,seoul,mobile,0
123,20,2.0,1,55,45990.0,4.0,annual,gyeonggi,tablet,1
124,14,5.0,20,18,63849.0,2.0,two_year,gyeonggi,desktop,0
125,26,3.0,64,26,65849.0,3.0,monthly,gyeonggi,mobile,0
126,17,2.0,59,8,43472.0,1.0,monthly,seoul,desktop,0
127,2,2.0,8,12,47605.0,2.0,monthly,seoul,tablet,1
128,23,5.0,12,56,,0.0,monthly,seoul,desktop,0
129,17,5.0,41,17,38640.0,6.0,annual,seoul,mobile,0
130,19,2.0,48,31,43863.0,1.0,monthly,seoul,desktop,0
131,17,6.0,71,59,56112.0,0.0,annual,other,desktop,1
132,17,5.0,55,38,40819.0,1.0,annual,seoul,mobile,0
133,2,4.0,16,2,47298.0,3.0,monthly,seoul,desktop,0
134,17,2.0,3,21,36620.0,1.0,monthly,gyeonggi,mobile,1
135,24,2.0,46,23,57567.0,1.0,annual,gyeonggi,desktop,0
136,9,1.0,40,16,61386.0,1.0,two_year,seoul,desktop,1
137,18,3.0,67,14,61035.0,0.0,monthly,seoul,mobile,0
138,0,2.0,42,30,55185.0,0.0,two_year,other,tablet,0
139,10,1.0,37,22,31884.0,1.0,annual,,mobile,0
140,13,3.0,22,17,45701.0,1.0,,gyeonggi,mobile,1
141,30,5.0,7,25,48890.0,1.0,monthly,other,mobile,1
142,6,4.0,64,20,48951.0,,annual,seoul,mobile,0
143,8,6.0,60,13,56125.0,2.0,annual,gyeonggi,desktop,0
144,12,4.0,12,27,76383.0,1.0,monthly,seoul,mobile,0
145,30,9.0,51,57,67181.0,1.0,two_year,seoul,tablet,0
146,26,2.0,27,30,40187.0,1.0,two_year,seoul,tablet,0
147,1,3.0,32,36,65176.0,1.0,monthly,other,desktop,1
148,7,2.0,62,60,64605.0,0.0,annual,seoul,mobile,0
149,25,3.0,61,37,42909.0,0.0,annual,,desktop,0
150,1,2.0,14,13,67733.0,1.0,annual,other,mobile,1
151,26,2.0,23,24,52594.0,4.0,annual,seoul,desktop,0
152,8,4.0,60,29,33851.0,2.0,monthly,other,mobile,0
153,28,2.0,67,28,61828.0,1.0,monthly,gyeonggi,tablet,0
154,9,,6,9,58254.0,0.0,monthly,gyeonggi,mobile,0
155,13,7.0,61,6,51585.0,0.0,two_year,gyeonggi,mobile,0
156,20,3.0,36,21,54438.0,0.0,monthly,gyeonggi,tablet,0
157,3,2.0,43,55,44214.0,1.0,two_year,seoul,mobile,1
158,17,,6,43,64152.0,2.0,monthly,other,desktop,1
159,15,4.0,49,51,54348.0,,monthly,other,tablet,0
160,24,2.0,49,10,57497.0,3.0,two_year,other,mobile,0
161,30,1.0,48,25,60357.0,3.0,annual,gyeonggi,mobile,0
162,20,1.0,57,35,37681.0,4.0,monthly,gyeonggi,mobile,0
163,12,2.0,69,26,41586.0,1.0,monthly,gyeonggi,desktop,0
164,12,3.0,62,25,21851.0,3.0,monthly,seoul,tablet,0
165,12,4.0,54,21,63471.0,1.0,monthly,gyeonggi,mobile,1
166,25,4.0,71,3,36817.0,0.0,monthly,gyeonggi,desktop,0
167,9,3.0,49,52,56989.0,0.0,annual,gyeonggi,mobile,1
168,5,2.0,49,56,60565.0,3.0,monthly,seoul,desktop,1
169,10,1.0,40,4,64035.0,3.0,monthly,gyeonggi,desktop,0
170,0,4.0,56,25,36940.0,3.0,monthly,gyeonggi,desktop,1
171,3,6.0,6,31,54023.0,0.0,monthly,gyeonggi,mobile,0
172,2,2.0,37,47,80054.0,2.0,two_year,other,mobile,1
173,23,5.0,31,60,,1.0,monthly,,mobile,1
174,22,0.0,66,25,69810.0,4.0,monthly,seoul,mobile,0
175,21,3.0,6,45,60062.0,2.0,annual,seoul,mobile,0
176,14,4.0,47,57,39923.0,2.0,two_year,gyeonggi,desktop,0
177,22,4.0,14,50,65779.0,1.0,annual,seoul,mobile,0
178,4,0.0,64,17,52630.0,2.0,annual,other,mobile,1
179,27,3.0,62,49,,0.0,two_year,seoul,desktop,0
180,15,,17,25,45507.0,1.0,annual,seoul,mobile,0
181,29,2.0,63,1,52406.0,0.0,two_year,seoul,mobile,0
182,4,2.0,36,46,57462.0,2.0,monthly,gyeonggi,tablet,1
183,15,2.0,70,50,58694.0,2.0,annual,other,mobile,1
184,21,2.0,53,20,62406.0,1.0,two_year,other,mobile,0
185,15,1.0,3,27,46312.0,2.0,two_year,gyeonggi,mobile,0
186,13,3.0,15,22,34851.0,1.0,monthly,other,mobile,1
187,5,3.0,30,7,79372.0,4.0,annual,seoul,mobile,0
188,11,2.0,16,60,92339.0,1.0,monthly,gyeonggi,mobile,1
189,7,,10,1,61711.0,2.0,annual,other,mobile,0
190,9,5.0,71,33,35140.0,0.0,monthly,seoul,desktop,0
191,21,5.0,63,0,43402.0,0.0,annual,other,mobile,0
192,19,2.0,32,42,62637.0,0.0,annual,,mobile,0
193,18,1.0,16,54,75117.0,0.0,,seoul,mobile,1
194,11,4.0,14,39,36807.0,,monthly,gyeonggi,tablet,1
195,29,5.0,66,36,53135.0,2.0,monthly,other,mobile,0
196,2,4.0,24,50,57939.0,3.0,annual,,desktop,1
197,10,2.0,1,59,67969.0,3.0,annual,other,mobile,1
198,3,,29,52,49846.0,0.0,annual,seoul,tablet,1
199,10,3.0,33,14,31543.0,1.0,monthly,gyeonggi,mobile,1
200,29,4.0,45,34,64318.0,1.0,annual,gyeonggi,mobile,0
201,11,4.0,25,49,71872.0,1.0,annual,seoul,mobile,0
202,28,0.0,67,17,53761.0,2.0,monthly,gyeonggi,mobile,0
203,15,2.0,47,41,61079.0,0.0,monthly,gyeonggi,desktop,1
204,21,4.0,72,1,47883.0,3.0,monthly,gyeonggi,desktop,0
205,14,4.0,27,53,42313.0,1.0,monthly,seoul,desktop,0
206,8,1.0,47,37,70396.0,2.0,monthly,seoul,mobile,1
207,23,6.0,27,45,60812.0,2.0,monthly,other,desktop,1
208,30,3.0,51,50,62356.0,0.0,monthly,gyeonggi,mobile,1
209,8,6.0,54,13,77532.0,0.0,monthly,other,tablet,0
210,24,1.0,24,27,,0.0,monthly,gyeonggi,desktop,0
211,8,5.0,68,52,46720.0,0.0,,other,desktop,0
212,22,3.0,62,10,57369.0,1.0,annual,seoul,desktop,0
213,24,3.0,65,50,46535.0,4.0,monthly,gyeonggi,desktop,1
214,13,3.0,16,17,66747.0,0.0,annual,gyeonggi,mobile,0
215,22,2.0,52,35,52189.0,0.0,annual,seoul,mobile,0
216,8,4.0,8,31,40112.0,3.0,monthly,seoul,desktop,1
217,2,5.0,8,41,55987.0,1.0,,gyeonggi,mobile,1
218,2,3.0,71,51,,1.0,monthly,other,mobile,1
219,13,3.0,12,21,69020.0,1.0,annual,gyeonggi,desktop,0
220,27,3.0,63,10,60897.0,0.0,monthly,seoul,mobile,0
221,3,4.0,32,25,61917.0,2.0,monthly,other,desktop,1
222,14,2.0,22,37,59804.0,1.0,annual,seoul,mobile,1
223,21,3.0,6,45,52177.0,0.0,two_year,seoul,mobile,0
224,6,,49,45,44257.0,0.0,monthly,other,desktop,1
225,22,5.0,52,20,59333.0,1.0,annual,other,mobile,0
226,9,6.0,34,57,50003.0,2.0,monthly,other,desktop,1
227,25,2.0,59,5,80347.0,,annual,other,desktop,0
228,17,2.0,24,7,75133.0,0.0,annual,gyeonggi,desktop,0
229,16,2.0,40,1,64493.0,1.0,annual,seoul,mobile,0
230,5,1.0,21,56,60677.0,2.0,monthly,seoul,desktop,1
231,14,5.0,42,10,53681.0,1.0,monthly,,mobile,0
232,26,0.0,10,36,36083.0,4.0,annual,other,mobile,0
233,0,1.0,35,49,51757.0,3.0,monthly,seoul,mobile,1
234,23,4.0,40,46,56521.0,0.0,two_year,seoul,mobile,0
235,15,5.0,41,57,58442.0,1.0,monthly,seoul,mobile,1
236,22,1.0,33,3,62043.0,3.0,monthly,seoul,mobile,0
237,20,5.0,47,24,68820.0,0.0,monthly,other,mobile,0
238,13,4.0,37,30,44618.0,,,seoul,desktop,0
239,9,3.0,21,42,44754.0,0.0,annual,gyeonggi,mobile,0
240,19,2.0,16,37,76763.0,0.0,monthly,other,mobile,1
241,4,5.0,47,34,,1.0,annual,gyeonggi,mobile,1
242,18,1.0,68,18,49138.0,1.0,annual,gyeonggi,mobile,0
243,2,2.0,55,6,53392.0,0.0,two_year,seoul,desktop,0
244,20,4.0,46,26,53459.0,0.0,annual,seoul,tablet,0
245,19,7.0,67,15,55474.0,2.0,two_year,seoul,mobile,0
246,2,6.0,65,33,62090.0,0.0,,seoul,desktop,0
247,23,4.0,37,48,93025.0,3.0,monthly,seoul,mobile,0
248,12,4.0,8,33,57846.0,3.0,two_year,seoul,tablet,1
249,24,2.0,46,35,64939.0,0.0,two_year,seoul,mobile,0
250,1,2.0,45,2,29703.0,1.0,monthly,seoul,mobile,0
251,5,4.0,20,39,47727.0,0.0,annual,other,mobile,1
252,15,2.0,62,26,73432.0,2.0,monthly,seoul,mobile,0
253,5,1.0,63,7,61035.0,2.0,annual,seoul,desktop,0
254,10,2.0,24,13,-10837.0,1.0,,other,mobile,0
255,20,6.0,35,47,65110.0,2.0,annual,seoul,mobile,0
256,4,2.0,15,55,83772.0,1.0,monthly,gyeonggi,mobile,1
257,21,3.0,13,30,25061.0,1.0,annual,other,tablet,0
258,3,1.0,20,59,77791.0,0.0,monthly,gyeonggi,desktop,1
259,5,2.0,27,10,13421.0,1.0,annual,seoul,tablet,0
260,18,5.0,20,18,69070.0,2.0,monthly,gyeonggi,desktop,0
261,24,6.0,11,56,54870.0,0.0,annual,gyeonggi,tablet,1
262,5,0.0,33,10,19750.0,2.0,monthly,seoul,mobile,1
263,9,4.0,45,40,61692.0,3.0,monthly,seoul,mobile,0
264,28,2.0,24,13,72263.0,4.0,monthly,seoul,mobile,0
265,30,,39,20,60458.0,2.0,two_year,other,mobile,0
266,18,4.0,20,29,63772.0,0.0,monthly,seoul,desktop,1
267,13,1.0,51,21,48825.0,1.0,annual,seoul,mobile,0
268,10,2.0,47,53,27079.0,3.0,monthly,gyeonggi,mobile,1
269,18,,70,59,65378.0,1.0,annual,other,desktop,0
270,18,3.0,4,30,81246.0,1.0,monthly,seoul,mobile,0
271,9,3.0,62,32,71944.0,2.0,monthly,seoul,mobile,0
272,0,3.0,25,3,25182.0,1.0,monthly,seoul,mobile,0
273,4,4.0,5,14,32277.0,0.0,monthly,gyeonggi,desktop,0
274,29,1.0,50,2,42310.0,,monthly,gyeonggi,mobile,0
275,12,2.0,13,52,31105.0,3.0,monthly,other,mobile,0
276,14,3.0,13,13,55663.0,2.0,annual,seoul,mobile,0
277,14,3.0,71,20,,0.0,two_year,seoul,desktop,0
278,24,2.0,16,51,33546.0,1.0,monthly,seoul,mobile,0
279,2,7.0,40,43,66657.0,1.0,two_year,seoul,mobile,0
280,2,3.0,15,37,64017.0,2.0,monthly,gyeonggi,tablet,0
281,8,1.0,9,2,46778.0,2.0,monthly,other,desktop,0
282,15,5.0,1,34,52412.0,1.0,monthly,seoul,mobile,0
283,20,,2,34,25753.0,3.0,monthly,gyeonggi,mobile,0
284,15,,35,19,50016.0,1.0,monthly,seoul,mobile,0
285,13,0.0,32,45,55111.0,2.0,two_year,gyeonggi,desktop,1
286,29,3.0,3,56,57531.0,1.0,annual,seoul,mobile,0
287,4,4.0,26,15,60683.0,0.0,annual,gyeonggi,tablet,0
288,17,4.0,20,20,58664.0,2.0,monthly,seoul,desktop,0
289,16,9.0,42,19,51035.0,3.0,monthly,other,desktop,0
290,14,1.0,72,50,59293.0,2.0,annual,other,mobile,1
291,25,4.0,50,4,70030.0,0.0,monthly,other,desktop,1
292,8,5.0,67,54,53568.0,0.0,monthly,other,desktop,1
293,29,9.0,14,47,59764.0,0.0,monthly,seoul,desktop,0
294,10,4.0,16,29,52207.0,1.0,monthly,gyeonggi,mobile,0
295,16,5.0,55,35,45299.0,1.0,annual,seoul,desktop,0
296,16,2.0,23,54,62843.0,0.0,monthly,other,desktop,1
297,26,3.0,62,46,46672.0,1.0,monthly,seoul,tablet,0
298,13,1.0,34,16,60792.0,2.0,two_year,seoul,desktop,1
299,8,1.0,15,3,55424.0,0.0,two_year,gyeonggi,mobile,0
300,0,2.0,61,40,50441.0,1.0,monthly,seoul,mobile,1
301,11,5.0,40,8,50078.0,2.0,monthly,gyeonggi,desktop,1
302,25,3.0,58,5,47378.0,2.0,annual,seoul,tablet,0
303,0,0.0,33,59,30313.0,1.0,monthly,,desktop,1
304,27,6.0,10,28,60743.0,4.0,monthly,other,mobile,0
305,16,4.0,50,39,58473.0,2.0,monthly,gyeonggi,mobile,0
306,4,5.0,9,13,67745.0,2.0,monthly,seoul,desktop,1
307,9,1.0,48,6,47028.0,1.0,two_year,seoul,desktop,0
308,17,1.0,31,3,83431.0,3.0,,seoul,mobile,0
309,9,2.0,57,21,49304.0,3.0,two_year,seoul,mobile,0
310,3,3.0,63,0,41873.0,,annual,gyeonggi,tablet,0
311,20,6.0,30,25,40095.0,1.0,annual,seoul,mobile,0
312,20,3.0,64,19,28991.0,3.0,annual,seoul,mobile,0
313,3,1.0,8,32,77989.0,0.0,annual,seoul,mobile,0
314,8,4.0,8,35,,0.0,monthly,other,mobile,0
315,7,3.0,72,18,64011.0,2.0,monthly,seoul,mobile,0
316,20,3.0,42,27,41559.0,3.0,annual,seoul,desktop,0
317,22,4.0,33,4,82169.0,0.0,monthly,gyeonggi,desktop,0
318,22,3.0,12,18,49724.0,0.0,monthly,seoul,desktop,0
319,29,2.0,21,59,50965.0,0.0,monthly,other,desktop,1
320,23,3.0,50,60,76559.0,3.0,annual,seoul,mobile,1
321,9,6.0,60,29,64884.0,1.0,monthly,gyeonggi,mobile,0
322,3,,66,57,88017.0,1.0,monthly,gyeonggi,mobile,1
323,19,6.0,30,30,58731.0,1.0,monthly,other,mobile,1
324,28,1.0,33,7,49045.0,3.0,monthly,gyeonggi,desktop,0
325,30,,12,52,45823.0,2.0,two_year,gyeonggi,mobile,1
326,7,3.0,6,25,27295.0,3.0,monthly,gyeonggi,desktop,0
327,7,3.0,32,37,50821.0,1.0,monthly,gyeonggi,mobile,0
328,1,4.0,42,39,72169.0,1.0,monthly,gyeonggi,mobile,1
329,4,6.0,8,18,63983.0,1.0,annual,gyeonggi,mobile,0
330,17,2.0,30,44,55305.0,1.0,annual,gyeonggi,mobile,0
331,16,7.0,47,30,40076.0,1.0,monthly,seoul,desktop,0
332,11,7.0,59,22,,0.0,monthly,seoul,desktop,0
333,9,2.0,68,18,70192.0,3.0,,seoul,mobile,0
334,25,5.0,25,45,61461.0,0.0,two_year,seoul,desktop,0
335,14,1.0,29,15,57501.0,0.0,monthly,seoul,desktop,0
336,25,3.0,63,7,43046.0,2.0,monthly,seoul,mobile,0
337,29,2.0,50,53,68008.0,2.0,,gyeonggi,mobile,0
338,9,2.0,20,20,8021.0,1.0,monthly,gyeonggi,mobile,0
339,6,1.0,50,39,60743.0,0.0,annual,gyeonggi,mobile,0
340,29,1.0,12,43,93555.0,2.0,two_year,gyeonggi,desktop,0
341,19,0.0,33,51,32374.0,2.0,two_year,seoul,mobile,0
342,9,3.0,23,38,51379.0,,annual,seoul,mobile,1
343,19,1.0,72,43,,2.0,monthly,gyeonggi,desktop,0
344,15,2.0,3,51,48061.0,1.0,two_year,other,mobile,0
345,28,3.0,62,57,70546.0,1.0,monthly,gyeonggi,desktop,1
346,7,5.0,21,2,62087.0,1.0,monthly,gyeonggi,mobile,0
347,30,3.0,3,45,57285.0,0.0,annual,gyeonggi,mobile,0
348,29,0.0,48,10,66959.0,0.0,monthly,gyeonggi,mobile,0
349,5,2.0,49,54,55251.0,0.0,annual,gyeonggi,mobile,1
350,5,6.0,11,2,,0.0,two_year,gyeonggi,mobile,0
351,16,3.0,3,15,57270.0,2.0,annual,seoul,desktop,0
352,1,2.0,9,11,57929.0,1.0,annual,seoul,desktop,1
353,9,3.0,30,36,29343.0,0.0,monthly,seoul,desktop,1
354,13,1.0,10,0,46848.0,1.0,monthly,gyeonggi,mobile,0
355,30,2.0,51,1,72211.0,3.0,annual,gyeonggi,tablet,0
356,30,5.0,6,30,34968.0,0.0,annual,seoul,mobile,0
357,4,5.0,57,59,22637.0,0.0,two_year,seoul,desktop,0
358,27,2.0,63,32,55485.0,,monthly,other,desktop,1
359,2,5.0,52,27,75561.0,3.0,monthly,seoul,desktop,0
360,23,2.0,68,40,55636.0,3.0,monthly,other,mobile,0
361,26,5.0,68,33,49958.0,0.0,annual,seoul,desktop,0
362,27,4.0,4,23,27123.0,0.0,annual,seoul,desktop,1
363,6,3.0,25,35,,2.0,two_year,,mobile,1
364,27,2.0,55,0,,1.0,monthly,seoul,desktop,0
365,3,3.0,25,14,28274.0,1.0,monthly,seoul,mobile,0
366,16,6.0,54,41,72018.0,0.0,monthly,seoul,mobile,0
367,14,3.0,56,20,66485.0,2.0,,seoul,desktop,1
368,9,1.0,72,3,71985.0,0.0,monthly,seoul,desktop,0
369,0,1.0,24,7,63753.0,0.0,annual,other,mobile,0
370,23,3.0,26,52,64805.0,0.0,monthly,seoul,mobile,1
371,10,0.0,2,20,62811.0,0.0,monthly,seoul,mobile,1
372,20,3.0,21,1,,0.0,annual,seoul,mobile,0
373,12,0.0,21,44,27719.0,3.0,annual,other,mobile,1
374,11,2.0,33,32,32484.0,2.0,monthly,other,mobile,1
375,27,,31,27,43960.0,1.0,monthly,other,desktop,0
376,2,3.0,62,54,53053.0,1.0,annual,other,mobile,0
377,22,2.0,56,19,,1.0,annual,seoul,mobile,0
378,23,7.0,53,34,59870.0,3.0,annual,gyeonggi,mobile,0
379,11,,1,45,71757.0,2.0,monthly,seoul,mobile,0
380,8,2.0,34,37,,3.0,annual,other,mobile,0
381,0,5.0,53,12,41914.0,2.0,two_year,seoul,mobile,0
382,29,,18,41,58579.0,0.0,monthly,seoul,mobile,0
383,29,3.0,31,45,42283.0,0.0,monthly,other,mobile,1
384,7,4.0,53,7,52176.0,1.0,two_year,other,mobile,0
385,0,4.0,58,10,59827.0,1.0,monthly,other,desktop,0
386,3,3.0,62,41,3869.0,1.0,annual,seoul,mobile,0
387,2,1.0,31,7,91169.0,4.0,two_year,seoul,mobile,0
388,25,3.0,29,53,63496.0,0.0,monthly,seoul,mobile,0
389,27,3.0,28,6,46064.0,,annual,gyeonggi,mobile,0
390,4,5.0,49,59,83911.0,1.0,monthly,,mobile,1
391,23,2.0,31,40,49789.0,1.0,two_year,seoul,desktop,0
392,5,2.0,29,27,56988.0,,two_year,other,mobile,0
393,11,4.0,13,16,47693.0,0.0,two_year,seoul,mobile,0
394,18,4.0,35,21,79780.0,2.0,monthly,,mobile,1
395,22,2.0,18,45,53425.0,1.0,annual,other,mobile,0
396,27,1.0,38,45,57242.0,0.0,two_year,gyeonggi,tablet,0
397,1,2.0,64,12,73057.0,1.0,annual,seoul,mobile,0
398,6,1.0,56,33,63777.0,3.0,annual,seoul,mobile,1
399,8,1.0,35,60,54185.0,1.0,monthly,seoul,mobile,1
400,9,2.0,71,15,71656.0,2.0,two_year,gyeonggi,mobile,1
401,30,2.0,71,42,93077.0,0.0,monthly,gyeonggi,mobile,1
402,24,1.0,32,10,59761.0,2.0,monthly,seoul,mobile,0
403,9,5.0,55,50,56751.0,0.0,two_year,,mobile,0
404,30,6.0,25,10,57559.0,0.0,two_year,gyeonggi,mobile,0
405,15,,64,18,74656.0,2.0,two_year,other,desktop,1
406,15,3.0,27,28,46012.0,2.0,monthly,gyeonggi,mobile,1
407,13,0.0,19,22,50825.0,1.0,monthly,,mobile,0
408,4,4.0,10,10,31938.0,1.0,monthly,seoul,desktop,0
409,28,2.0,61,39,37242.0,2.0,monthly,seoul,mobile,0
410,0,2.0,22,1,47233.0,3.0,two_year,other,tablet,0
411,5,4.0,59,59,54161.0,1.0,annual,other,tablet,0
412,7,3.0,7,3,81536.0,0.0,monthly,gyeonggi,mobile,1
413,8,2.0,37,20,63040.0,0.0,monthly,seoul,mobile,0
414,4,3.0,31,56,41319.0,0.0,monthly,seoul,desktop,1
415,0,5.0,32,9,44080.0,3.0,two_year,gyeonggi,mobile,0
416,21,3.0,13,4,75621.0,2.0,annual,other,mobile,0
417,30,3.0,6,45,71899.0,2.0,monthly,seoul,mobile,0
418,3,,25,4,55422.0,2.0,monthly,,mobile,0
419,9,2.0,34,54,48362.0,1.0,monthly,gyeonggi,desktop,1
420,15,2.0,58,27,71874.0,4.0,monthly,gyeonggi,desktop,0
421,28,4.0,34,53,40100.0,2.0,two_year,gyeonggi,desktop,0
422,21,2.0,18,14,60880.0,2.0,annual,gyeonggi,desktop,0
423,23,2.0,19,8,89090.0,2.0,monthly,,desktop,0
424,18,3.0,45,58,58080.0,0.0,annual,seoul,mobile,0
425,12,3.0,32,46,43366.0,0.0,monthly,gyeonggi,tablet,1
426,6,3.0,65,55,61156.0,1.0,monthly,gyeonggi,tablet,0
427,26,3.0,32,19,47950.0,0.0,annual,gyeonggi,desktop,0
428,24,0.0,41,24,34088.0,0.0,monthly,other,desktop,0
429,0,3.0,5,35,65516.0,0.0,monthly,gyeonggi,mobile,1
430,22,4.0,14,27,71768.0,2.0,annual,gyeonggi,mobile,0
431,2,3.0,62,14,50336.0,0.0,two_year,seoul,desktop,0
432,22,2.0,25,22,49341.0,0.0,monthly,gyeonggi,mobile,0
433,25,2.0,31,37,40577.0,0.0,annual,seoul,mobile,0
434,4,4.0,43,2,,1.0,monthly,seoul,mobile,1
435,13,5.0,5,20,46564.0,2.0,annual,gyeonggi,desktop,0
436,3,,37,17,39835.0,1.0,monthly,gyeonggi,mobile,0
437,17,3.0,25,4,83383.0,0.0,annual,other,mobile,0
438,28,7.0,11,7,61997.0,2.0,monthly,gyeonggi,mobile,0
439,2,4.0,31,30,63586.0,2.0,two_year,other,mobile,0
440,12,2.0,33,6,68251.0,1.0,two_year,seoul,mobile,0
441,30,1.0,14,21,66566.0,0.0,monthly,gyeonggi,mobile,0
442,9,3.0,40,34,48803.0,0.0,annual,other,desktop,0
443,4,,54,53,59088.0,2.0,monthly,seoul,mobile,0
444,15,0.0,20,6,50965.0,0.0,annual,,mobile,0
445,15,,70,26,61577.0,2.0,monthly,gyeonggi,mobile,0
446,20,0.0,45,6,60125.0,2.0,monthly,seoul,mobile,0
447,9,6.0,56,26,49260.0,1.0,annual,gyeonggi,desktop,0
448,29,5.0,6,29,35061.0,0.0,monthly,seoul,mobile,0
449,16,2.0,56,48,57194.0,1.0,annual,seoul,mobile,0
450,8,2.0,25,26,51936.0,1.0,annual,seoul,desktop,0
451,29,2.0,52,57,26644.0,5.0,monthly,seoul,mobile,1
452,28,1.0,58,8,62615.0,1.0,monthly,seoul,desktop,0
453,15,1.0,19,3,69480.0,2.0,annual,other,tablet,0
454,0,2.0,19,0,92925.0,0.0,annual,seoul,desktop,0
455,18,5.0,5,21,49132.0,1.0,monthly,other,tablet,0
456,17,5.0,44,11,46919.0,,monthly,gyeonggi,mobile,0
457,4,1.0,56,5,,2.0,annual,seoul,mobile,0
458,19,3.0,30,14,58130.0,0.0,annual,,mobile,0
459,26,3.0,12,59,58035.0,,annual,other,mobile,1
460,3,1.0,23,48,42831.0,3.0,monthly,gyeonggi,mobile,1
461,22,3.0,30,1,52376.0,2.0,annual,other,mobile,0
462,4,3.0,66,55,25320.0,2.0,annual,seoul,mobile,0
463,23,,9,12,68896.0,4.0,monthly,gyeonggi,mobile,0
464,12,5.0,25,24,43440.0,2.0,monthly,other,desktop,0
465,0,3.0,46,19,54480.0,2.0,monthly,other,mobile,0
466,29,2.0,18,24,33600.0,2.0,annual,seoul,mobile,0
467,5,3.0,64,46,46265.0,2.0,,other,mobile,0
468,18,3.0,66,43,50806.0,3.0,annual,,desktop,1
469,5,0.0,28,36,54831.0,1.0,annual,other,mobile,1
470,28,0.0,54,38,,0.0,monthly,gyeonggi,desktop,0
471,22,2.0,55,44,76586.0,1.0,annual,gyeonggi,mobile,0
472,24,2.0,50,11,65991.0,2.0,annual,seoul,mobile,0
473,13,2.0,14,24,69432.0,3.0,monthly,,tablet,1
474,14,3.0,4,6,,1.0,,seoul,mobile,0
475,19,2.0,26,42,63546.0,0.0,annual,gyeonggi,mobile,0
476,24,6.0,10,26,54449.0,2.0,monthly,gyeonggi,mobile,0
477,26,5.0,22,38,70137.0,1.0,annual,gyeonggi,mobile,0
478,0,2.0,46,34,71095.0,2.0,annual,gyeonggi,mobile,1
479,20,1.0,43,16,64728.0,1.0,monthly,gyeonggi,mobile,0
480,3,2.0,16,8,33181.0,,two_year,gyeonggi,mobile,1
481,8,3.0,2,59,42378.0,1.0,annual,gyeonggi,tablet,1
482,25,1.0,17,17,50877.0,2.0,annual,gyeonggi,mobile,1
483,7,6.0,33,6,66694.0,1.0,monthly,gyeonggi,mobile,1
484,24,6.0,57,18,54680.0,0.0,monthly,other,desktop,0
485,14,,27,55,72053.0,3.0,monthly,gyeonggi,mobile,1
486,7,0.0,21,15,74729.0,1.0,annual,seoul,desktop,0
487,10,5.0,40,60,72988.0,3.0,annual,gyeonggi,mobile,1
488,16,4.0,6,28,73083.0,2.0,annual,seoul,desktop,1
489,23,4.0,17,52,39445.0,3.0,,seoul,tablet,0
490,18,4.0,3,39,62240.0,2.0,annual,other,mobile,1
491,28,5.0,38,2,45887.0,1.0,annual,,desktop,0
492,26,1.0,32,31,30264.0,5.0,annual,gyeonggi,desktop,0
493,23,1.0,42,25,50688.0,1.0,annual,other,desktop,0
494,18,,45,12,74871.0,3.0,two_year,seoul,mobile,0
495,8,1.0,29,33,61911.0,1.0,monthly,seoul,mobile,1
496,12,,63,6,85267.0,1.0,annual,seoul,mobile,0
497,3,3.0,67,42,57658.0,0.0,two_year,seoul,tablet,0
498,11,5.0,8,50,91717.0,0.0,annual,gyeonggi,mobile,1
499,28,1.0,67,5,57663.0,1.0,monthly,other,mobile,0
500,13,4.0,15,29,55337.0,1.0,two_year,gyeonggi,desktop,0
501,3,6.0,18,39,35809.0,,monthly,seoul,mobile,0
502,20,1.0,39,3,71658.0,2.0,monthly,gyeonggi,desktop,0
503,29,2.0,3,23,47468.0,1.0,monthly,seoul,mobile,0
504,26,2.0,27,15,45294.0,0.0,monthly,gyeonggi,desktop,0
505,8,4.0,15,2,74218.0,1.0,monthly,gyeonggi,mobile,0
506,14,7.0,35,49,72373.0,2.0,monthly,seoul,mobile,0
507,16,,59,27,71981.0,1.0,two_year,other,mobile,0
508,7,3.0,67,45,,1.0,monthly,gyeonggi,mobile,1
509,8,2.0,16,35,54235.0,3.0,annual,seoul,mobile,1
510,7,3.0,40,53,54102.0,0.0,two_year,gyeonggi,mobile,0
511,30,4.0,35,60,66738.0,1.0,annual,gyeonggi,desktop,0
512,23,1.0,30,36,78303.0,2.0,monthly,seoul,mobile,0
513,26,2.0,46,21,,0.0,monthly,seoul,mobile,0
514,25,5.0,72,25,84623.0,0.0,annual,gyeonggi,mobile,0
515,29,0.0,30,50,68458.0,1.0,annual,other,mobile,0
516,3,3.0,5,26,51478.0,2.0,annual,gyeonggi,desktop,1
517,27,7.0,66,31,67431.0,0.0,monthly,,mobile,0
518,2,1.0,68,11,80589.0,2.0,annual,gyeonggi,desktop,0
519,14,2.0,24,60,84974.0,1.0,annual,gyeonggi,desktop,1
520,18,0.0,37,39,72803.0,1.0,annual,,desktop,0
521,11,2.0,63,20,55385.0,3.0,two_year,seoul,desktop,0
522,4,5.0,37,35,51750.0,2.0,annual,other,mobile,0
523,5,2.0,35,24,63641.0,1.0,annual,other,tablet,0
524,25,5.0,67,9,80110.0,1.0,annual,other,desktop,0
525,9,1.0,60,53,61507.0,4.0,annual,seoul,mobile,0
526,9,2.0,37,54,61818.0,0.0,annual,gyeonggi,mobile,0
527,28,6.0,12,50,55771.0,1.0,monthly,gyeonggi,mobile,0
528,4,7.0,32,22,50082.0,2.0,annual,seoul,desktop,1
529,28,4.0,49,15,52568.0,1.0,annual,seoul,mobile,0
530,28,2.0,20,3,57031.0,0.0,monthly,other,desktop,0
531,18,5.0,39,44,80771.0,2.0,monthly,gyeonggi,mobile,1
532,5,2.0,48,20,51404.0,1.0,annual,gyeonggi,mobile,0
533,4,7.0,7,54,55789.0,0.0,annual,seoul,mobile,0
534,8,8.0,42,53,42019.0,0.0,monthly,gyeonggi,mobile,0
535,17,2.0,54,7,,3.0,monthly,seoul,mobile,0
536,4,3.0,16,55,75500.0,1.0,monthly,,desktop,0
537,14,3.0,40,8,79367.0,2.0,two_year,gyeonggi,mobile,1
538,3,4.0,52,29,58050.0,1.0,two_year,seoul,tablet,0
539,16,5.0,4,28,63615.0,2.0,annual,other,desktop,1
540,0,3.0,47,58,52697.0,2.0,monthly,gyeonggi,desktop,0
541,21,3.0,19,40,62920.0,2.0,annual,seoul,mobile,0
542,1,4.0,29,53,59709.0,1.0,annual,seoul,desktop,0
543,6,5.0,47,36,55874.0,,two_year,gyeonggi,tablet,0
544,5,4.0,1,50,57066.0,2.0,monthly,seoul,desktop,1
545,25,5.0,2,51,61779.0,0.0,monthly,seoul,mobile,1
546,1,3.0,33,52,50588.0,2.0,annual,gyeonggi,desktop,1
547,13,2.0,69,25,51363.0,,monthly,,mobile,0
548,18,2.0,1,23,80610.0,2.0,annual,gyeonggi,mobile,0
549,15,4.0,57,60,95658.0,1.0,annual,gyeonggi,desktop,1
550,21,3.0,6,46,36934.0,0.0,monthly,seoul,desktop,1
551,24,2.0,36,55,36108.0,2.0,monthly,,mobile,0
552,12,3.0,32,35,40643.0,,annual,gyeonggi,mobile,1
553,25,2.0,34,56,53451.0,3.0,,gyeonggi,desktop,1
554,9,2.0,6,43,68437.0,2.0,monthly,seoul,mobile,1
555,30,3.0,55,45,63869.0,0.0,monthly,gyeonggi,mobile,1
556,15,2.0,20,10,57580.0,1.0,annual,seoul,desktop,0
557,22,1.0,56,34,62934.0,1.0,monthly,gyeonggi,desktop,1
558,27,3.0,48,44,,1.0,annual,seoul,mobile,0
559,24,8.0,40,46,51338.0,2.0,annual,other,mobile,0
560,26,1.0,23,58,54699.0,2.0,monthly,seoul,mobile,1
561,16,5.0,47,19,31237.0,0.0,annual,other,mobile,0
562,1,2.0,72,18,37580.0,2.0,annual,other,desktop,0
563,15,4.0,67,59,38177.0,1.0,monthly,gyeonggi,desktop,1
564,5,1.0,66,60,66462.0,0.0,annual,seoul,mobile,0
565,27,2.0,16,10,58680.0,1.0,two_year,seoul,mobile,0
566,7,5.0,43,23,64166.0,1.0,annual,other,mobile,0
567,7,2.0,29,57,27405.0,1.0,monthly,gyeonggi,mobile,1
568,7,8.0,70,12,32746.0,3.0,annual,gyeonggi,mobile,0
569,19,1.0,69,47,64948.0,1.0,monthly,seoul,mobile,1
570,17,1.0,63,6,13320.0,1.0,annual,other,desktop,0
571,29,2.0,12,10,73369.0,0.0,annual,seoul,mobile,0
572,12,1.0,23,47,27650.0,3.0,monthly,seoul,desktop,0
573,8,2.0,52,37,67650.0,0.0,monthly,seoul,mobile,1
574,1,0.0,54,33,41671.0,2.0,two_year,gyeonggi,desktop,0
575,0,3.0,26,52,70734.0,0.0,monthly,,tablet,1
576,11,3.0,10,18,103122.0,0.0,annual,other,mobile,0
577,28,6.0,10,30,20902.0,2.0,annual,seoul,mobile,0
578,16,2.0,50,37,65431.0,0.0,annual,seoul,desktop,0
579,27,5.0,33,45,27878.0,0.0,monthly,other,mobile,1
580,3,0.0,36,20,61402.0,0.0,monthly,gyeonggi,mobile,1
581,2,3.0,59,38,51898.0,1.0,monthly,seoul,mobile,1
582,25,2.0,2,27,56947.0,4.0,annual,seoul,desktop,1
583,3,1.0,55,33,41325.0,0.0,two_year,gyeonggi,mobile,0
584,1,4.0,20,52,66708.0,1.0,two_year,other,mobile,0
585,12,6.0,68,24,33275.0,0.0,monthly,gyeonggi,mobile,0
586,28,2.0,69,40,73625.0,1.0,monthly,seoul,desktop,0
587,21,2.0,37,57,48861.0,0.0,monthly,gyeonggi,mobile,1
588,3,2.0,23,46,33960.0,2.0,two_year,seoul,desktop,0
589,25,2.0,17,60,78924.0,1.0,monthly,other,desktop,1
590,26,1.0,14,35,53990.0,0.0,monthly,seoul,mobile,0
591,24,2.0,72,17,83615.0,1.0,annual,seoul,mobile,0
592,27,1.0,14,60,73320.0,1.0,annual,gyeonggi,desktop,1
593,7,1.0,33,39,43028.0,2.0,monthly,seoul,desktop,1
594,30,3.0,35,14,53725.0,4.0,annual,seoul,mobile,0
595,9,0.0,49,19,,2.0,monthly,gyeonggi,mobile,0
596,24,2.0,61,15,77895.0,2.0,monthly,gyeonggi,mobile,0
597,17,5.0,41,50,,5.0,monthly,other,mobile,1
598,24,4.0,55,5,57644.0,2.0,monthly,seoul,mobile,0
599,19,4.0,41,45,52002.0,2.0,two_year,seoul,mobile,0
600,19,3.0,32,33,54242.0,1.0,annual,gyeonggi,mobile,0
601,19,3.0,12,4,74569.0,0.0,annual,gyeonggi,desktop,0
602,24,2.0,16,37,,1.0,monthly,seoul,desktop,1
603,22,1.0,32,45,49075.0,1.0,annual,other,desktop,0
604,4,2.0,4,44,46532.0,1.0,two_year,other,desktop,0
605,25,2.0,23,32,46694.0,0.0,monthly,seoul,desktop,0
606,16,5.0,34,20,33969.0,1.0,two_year,other,mobile,0
607,10,4.0,35,9,43744.0,0.0,annual,gyeonggi,desktop,0
608,15,1.0,59,0,77476.0,0.0,annual,seoul,mobile,0
609,29,1.0,70,21,51901.0,0.0,monthly,,mobile,0
610,26,3.0,53,38,65566.0,1.0,annual,seoul,tablet,0
611,25,2.0,6,2,17819.0,1.0,annual,seoul,desktop,0
612,14,5.0,30,60,63525.0,2.0,two_year,other,mobile,0
613,24,3.0,53,35,52580.0,2.0,two_year,gyeonggi,desktop,0
614,11,0.0,43,17,47778.0,4.0,monthly,seoul,mobile,1
615,21,4.0,33,58,57714.0,2.0,two_year,gyeonggi,mobile,0
616,19,3.0,32,11,47563.0,0.0,two_year,other,mobile,0
617,7,2.0,30,58,23142.0,0.0,annual,gyeonggi,mobile,0
618,8,2.0,42,17,68834.0,1.0,monthly,other,desktop,0
619,1,8.0,13,23,58645.0,0.0,monthly,other,mobile,1
620,4,2.0,38,25,50291.0,2.0,monthly,seoul,mobile,1
621,13,1.0,15,60,40507.0,3.0,monthly,gyeonggi,tablet,1
622,14,3.0,50,15,32952.0,0.0,two_year,gyeonggi,mobile,0
623,5,4.0,63,59,58358.0,1.0,monthly,other,mobile,1
624,12,3.0,37,21,79202.0,1.0,annual,seoul,mobile,0
625,18,4.0,28,17,58047.0,5.0,annual,seoul,mobile,0
626,7,3.0,68,38,34259.0,4.0,annual,seoul,mobile,0
627,10,5.0,48,42,58377.0,0.0,monthly,gyeonggi,desktop,1
628,11,3.0,31,21,54200.0,5.0,annual,other,desktop,0
629,15,3.0,3,8,67961.0,0.0,annual,gyeonggi,mobile,0
630,11,2.0,2,24,64101.0,1.0,annual,gyeonggi,mobile,0
631,22,4.0,16,32,10213.0,1.0,monthly,seoul,mobile,0
632,10,1.0,18,2,63179.0,1.0,annual,seoul,desktop,0
633,13,4.0,52,4,39948.0,3.0,monthly,other,mobile,0
634,11,2.0,37,55,33674.0,0.0,annual,gyeonggi,mobile,1
635,5,8.0,72,2,52173.0,3.0,monthly,other,tablet,0
636,21,3.0,39,24,61165.0,4.0,monthly,seoul,desktop,0
637,7,3.0,66,46,30389.0,1.0,annual,seoul,mobile,1
638,9,2.0,40,20,65569.0,0.0,monthly,other,mobile,0
639,24,3.0,26,30,66450.0,2.0,two_year,seoul,mobile,0
640,29,2.0,52,5,55705.0,1.0,two_year,seoul,tablet,0
641,20,2.0,33,48,,0.0,monthly,,mobile,1
642,28,8.0,20,38,40309.0,2.0,monthly,gyeonggi,mobile,0
643,26,1.0,35,51,70389.0,1.0,monthly,other,mobile,1
644,14,4.0,48,52,32332.0,3.0,two_year,other,mobile,0
645,23,8.0,28,21,70967.0,1.0,annual,gyeonggi,mobile,0
646,10,1.0,51,2,52522.0,1.0,monthly,seoul,desktop,1
647,14,1.0,71,21,53562.0,2.0,annual,gyeonggi,mobile,0
648,16,6.0,30,8,29379.0,0.0,monthly,other,desktop,0
649,29,3.0,22,32,52799.0,1.0,annual,gyeonggi,desktop,0
650,26,4.0,29,8,64204.0,2.0,annual,other,mobile,0
651,15,2.0,61,56,34954.0,1.0,monthly,gyeonggi,desktop,1
652,20,1.0,13,36,62480.0,3.0,annual,seoul,desktop,1
653,6,3.0,71,15,56335.0,2.0,,gyeonggi,desktop,0
654,24,2.0,30,56,45344.0,3.0,annual,gyeonggi,mobile,1
655,17,4.0,61,46,67820.0,1.0,annual,seoul,mobile,0
656,16,0.0,57,26,21966.0,2.0,two_year,seoul,mobile,0
657,23,3.0,57,8,60200.0,3.0,monthly,gyeonggi,desktop,0
658,19,3.0,66,20,79292.0,0.0,two_year,seoul,mobile,0
659,2,3.0,14,35,76599.0,1.0,monthly,seoul,mobile,0
660,8,4.0,43,46,60847.0,2.0,two_year,gyeonggi,mobile,0
661,5,2.0,8,15,50475.0,,monthly,other,mobile,0
662,22,2.0,22,45,45463.0,2.0,annual,gyeonggi,desktop,1
663,1,2.0,3,17,50456.0,0.0,monthly,other,desktop,1
664,6,5.0,50,15,63157.0,0.0,two_year,other,desktop,0
665,18,1.0,44,27,42891.0,2.0,two_year,gyeonggi,mobile,0
666,21,1.0,54,9,66361.0,1.0,monthly,seoul,mobile,0
667,15,5.0,13,24,86997.0,1.0,annual,other,desktop,0
668,26,2.0,24,21,54072.0,2.0,annual,seoul,mobile,0
669,28,4.0,49,17,34834.0,1.0,monthly,other,desktop,0
670,4,1.0,60,47,34829.0,1.0,annual,gyeonggi,desktop,0
671,29,3.0,64,20,,0.0,annual,seoul,mobile,0
672,19,1.0,6,42,54104.0,1.0,annual,gyeonggi,mobile,0
673,19,5.0,29,43,,1.0,monthly,gyeonggi,desktop,0
674,2,7.0,1,40,46995.0,1.0,two_year,other,mobile,0
675,19,0.0,59,16,,1.0,monthly,seoul,desktop,0
676,22,1.0,9,50,52626.0,0.0,annual,other,mobile,1
677,18,1.0,60,14,44012.0,3.0,monthly,seoul,mobile,0
678,2,3.0,12,16,48985.0,0.0,monthly,gyeonggi,desktop,1
679,16,2.0,2,53,37044.0,3.0,monthly,other,mobile,1
680,29,2.0,64,20,,0.0,monthly,seoul,mobile,0
681,22,4.0,32,42,53554.0,2.0,annual,seoul,tablet,0
682,4,3.0,31,2,64668.0,2.0,annual,,desktop,0
683,29,1.0,47,37,46947.0,2.0,,other,desktop,0
684,29,,20,52,39221.0,2.0,annual,seoul,desktop,0
685,5,2.0,50,43,51492.0,2.0,monthly,gyeonggi,mobile,1
686,24,5.0,31,35,71518.0,2.0,monthly,other,mobile,1
687,12,2.0,20,51,47189.0,4.0,annual,seoul,mobile,0
688,18,5.0,29,18,41942.0,1.0,annual,gyeonggi,mobile,0
689,13,1.0,1,22,57332.0,0.0,annual,gyeonggi,mobile,0
690,24,2.0,22,4,62485.0,1.0,monthly,seoul,mobile,0
691,30,1.0,43,42,79643.0,1.0,annual,other,desktop,0
692,24,2.0,10,44,60306.0,1.0,monthly,seoul,mobile,0
693,28,2.0,9,45,64660.0,,annual,other,desktop,0
694,29,3.0,48,45,65789.0,0.0,monthly,gyeonggi,desktop,1
695,2,7.0,31,7,37705.0,1.0,annual,gyeonggi,tablet,0
696,7,1.0,10,40,40550.0,1.0,monthly,gyeonggi,mobile,1
697,22,1.0,54,46,38742.0,4.0,annual,seoul,tablet,0
698,18,1.0,56,12,35018.0,0.0,monthly,other,desktop,0
699,1,3.0,3,29,66932.0,0.0,annual,gyeonggi,mobile,0
700,2,1.0,15,55,59351.0,1.0,monthly,other,mobile,1
701,16,4.0,27,25,56192.0,1.0,annual,,mobile,1
702,19,4.0,53,45,16109.0,0.0,monthly,seoul,desktop,0
703,5,5.0,6,32,85832.0,1.0,,seoul,mobile,1
704,5,1.0,59,40,41586.0,2.0,annual,other,mobile,1
705,4,1.0,23,38,85777.0,2.0,monthly,seoul,desktop,1
706,17,5.0,10,39,33261.0,2.0,,gyeonggi,mobile,0
707,0,2.0,63,47,42814.0,3.0,annual,gyeonggi,mobile,0
708,17,1.0,7,55,21957.0,1.0,annual,gyeonggi,desktop,0
709,14,6.0,10,18,60432.0,2.0,,gyeonggi,tablet,0
710,14,3.0,69,56,38481.0,2.0,monthly,gyeonggi,desktop,1
711,21,0.0,38,38,38905.0,1.0,annual,other,mobile,0
712,16,2.0,34,36,34412.0,3.0,annual,seoul,mobile,0
713,22,4.0,50,19,66660.0,3.0,monthly,gyeonggi,mobile,1
714,23,,46,25,65672.0,0.0,annual,seoul,mobile,0
715,28,5.0,45,39,82181.0,,monthly,other,mobile,1
716,24,0.0,2,22,44714.0,0.0,two_year,gyeonggi,tablet,0
717,16,1.0,40,17,58282.0,1.0,annual,gyeonggi,desktop,0
718,15,3.0,21,49,35660.0,1.0,monthly,other,mobile,1
719,7,4.0,59,25,49974.0,,monthly,gyeonggi,mobile,1
720,18,3.0,37,39,47217.0,,monthly,seoul,mobile,1
721,4,3.0,9,1,61967.0,3.0,monthly,gyeonggi,mobile,0
722,28,1.0,64,4,70255.0,1.0,annual,seoul,desktop,0
723,26,3.0,21,51,69866.0,0.0,annual,other,mobile,0
724,3,0.0,20,8,42358.0,2.0,annual,gyeonggi,desktop,0
725,24,7.0,68,48,69977.0,1.0,monthly,gyeonggi,mobile,1
726,3,4.0,56,54,54339.0,1.0,annual,other,mobile,0
727,22,3.0,62,29,50131.0,,monthly,other,tablet,0
728,2,3.0,48,53,44372.0,0.0,monthly,gyeonggi,mobile,1
729,15,2.0,66,26,46601.0,1.0,two_year,seoul,mobile,0
730,20,,9,58,81135.0,2.0,annual,seoul,desktop,0
731,22,2.0,44,14,59611.0,0.0,annual,other,mobile,0
732,12,2.0,22,26,57619.0,3.0,,other,mobile,0
733,28,2.0,29,23,51066.0,3.0,monthly,gyeonggi,mobile,1
734,24,1.0,18,47,,0.0,two_year,seoul,mobile,1
735,6,5.0,15,2,74575.0,4.0,annual,seoul,mobile,0
736,20,1.0,32,50,44184.0,0.0,annual,other,mobile,0
737,22,7.0,67,1,50896.0,,monthly,seoul,desktop,0
738,10,3.0,46,19,51786.0,1.0,monthly,gyeonggi,desktop,0
739,22,2.0,26,36,,1.0,monthly,seoul,mobile,1
740,27,0.0,32,8,44482.0,3.0,monthly,seoul,mobile,0
741,25,5.0,39,29,61582.0,1.0,monthly,gyeonggi,mobile,0
742,23,,18,60,76781.0,2.0,annual,other,mobile,1
743,19,0.0,38,50,35296.0,0.0,annual,other,mobile,1
744,8,4.0,51,1,38078.0,5.0,monthly,gyeonggi,desktop,0
745,24,3.0,18,36,47753.0,1.0,annual,gyeonggi,mobile,0
746,11,4.0,43,36,48448.0,1.0,two_year,other,mobile,0
747,16,4.0,52,4,84977.0,2.0,annual,gyeonggi,desktop,0
748,9,,38,39,70026.0,,,gyeonggi,desktop,1
749,9,7.0,22,31,69165.0,2.0,annual,gyeonggi,mobile,0
750,4,3.0,40,41,51035.0,2.0,monthly,seoul,mobile,1
751,29,4.0,58,18,50705.0,1.0,monthly,seoul,tablet,0
752,4,5.0,16,15,33224.0,0.0,two_year,other,mobile,0
753,2,6.0,42,44,66726.0,2.0,,gyeonggi,desktop,1
754,29,7.0,49,44,62366.0,0.0,,seoul,desktop,0
755,17,4.0,24,9,,3.0,two_year,seoul,mobile,0
756,13,3.0,28,13,51838.0,2.0,,other,mobile,1
757,22,3.0,64,35,52873.0,1.0,monthly,gyeonggi,mobile,0
758,11,0.0,27,50,57551.0,1.0,annual,gyeonggi,mobile,1
759,3,3.0,44,12,68378.0,1.0,monthly,seoul,mobile,0
760,22,,11,13,32947.0,2.0,annual,other,desktop,0
761,5,4.0,67,49,66041.0,2.0,annual,other,desktop,0
762,17,4.0,43,42,54693.0,3.0,annual,gyeonggi,tablet,0
763,29,5.0,55,55,39120.0,1.0,monthly,seoul,tablet,0
764,29,6.0,44,47,23731.0,,annual,gyeonggi,desktop,0
765,11,6.0,26,58,52953.0,1.0,monthly,other,mobile,1
766,24,2.0,25,11,76716.0,1.0,two_year,other,mobile,0
767,18,2.0,51,16,80120.0,,monthly,other,desktop,0
768,14,4.0,62,14,60331.0,3.0,two_year,gyeonggi,desktop,0
769,4,7.0,10,3,84430.0,0.0,monthly,seoul,mobile,1
770,11,4.0,61,47,54356.0,1.0,monthly,gyeonggi,desktop,1
771,20,1.0,60,40,69300.0,1.0,annual,other,mobile,0
772,30,6.0,8,5,48232.0,2.0,monthly,seoul,mobile,0
773,0,3.0,8,12,47281.0,2.0,monthly,seoul,desktop,0
774,22,1.0,51,11,44837.0,2.0,annual,gyeonggi,mobile,0
775,26,1.0,61,24,24092.0,2.0,annual,gyeonggi,mobile,0
776,29,5.0,29,27,74306.0,0.0,monthly,other,mobile,0
777,13,2.0,47,17,45376.0,0.0,annual,seoul,mobile,0
778,3,5.0,72,56,42978.0,,two_year,seoul,mobile,0
779,8,4.0,24,12,37300.0,3.0,annual,seoul,desktop,0
780,26,3.0,17,34,51935.0,3.0,monthly,gyeonggi,mobile,0
781,27,1.0,72,26,81452.0,1.0,monthly,gyeonggi,desktop,0
782,19,4.0,21,23,86407.0,0.0,two_year,gyeonggi,mobile,1
783,3,0.0,35,50,30087.0,2.0,monthly,gyeonggi,tablet,1
784,3,2.0,32,59,49683.0,2.0,monthly,seoul,desktop,0
785,14,3.0,38,0,39485.0,1.0,annual,gyeonggi,mobile,0
786,18,3.0,20,28,69825.0,0.0,monthly,other,mobile,0
787,1,2.0,49,7,59299.0,1.0,annual,other,mobile,0
788,21,3.0,50,26,,0.0,monthly,seoul,desktop,0
789,16,4.0,15,37,56089.0,1.0,annual,gyeonggi,desktop,0
790,0,2.0,35,25,,3.0,two_year,seoul,desktop,0
791,2,3.0,5,18,79214.0,1.0,two_year,seoul,desktop,0
792,14,4.0,16,19,63204.0,1.0,two_year,seoul,mobile,0
793,22,2.0,72,18,65047.0,1.0,two_year,seoul,desktop,0
794,25,3.0,37,19,14996.0,2.0,monthly,seoul,mobile,0
795,13,1.0,45,22,53998.0,1.0,two_year,other,desktop,1
796,9,4.0,64,41,86248.0,2.0,two_year,seoul,mobile,0
797,30,2.0,52,5,74892.0,1.0,annual,gyeonggi,desktop,0
798,14,3.0,58,2,27294.0,2.0,monthly,other,mobile,0
799,9,0.0,52,31,50299.0,3.0,monthly,gyeonggi,mobile,1
800,13,4.0,36,41,36977.0,4.0,annual,gyeonggi,mobile,0
801,0,1.0,46,15,80667.0,,annual,gyeonggi,tablet,1
802,9,5.0,21,12,58664.0,1.0,monthly,seoul,mobile,0
803,15,9.0,65,38,43483.0,0.0,monthly,gyeonggi,mobile,0
804,28,6.0,13,23,55512.0,3.0,annual,gyeonggi,mobile,1
805,22,5.0,64,44,15890.0,0.0,monthly,other,mobile,0
806,24,,64,8,38726.0,,two_year,other,desktop,0
807,16,3.0,11,7,55547.0,2.0,monthly,other,tablet,0
808,3,3.0,52,33,67685.0,2.0,monthly,gyeonggi,desktop,1
809,12,1.0,72,23,25880.0,2.0,monthly,gyeonggi,desktop,0
810,30,4.0,42,44,49283.0,0.0,two_year,other,mobile,0
811,1,3.0,25,30,70145.0,4.0,two_year,other,mobile,1
812,27,2.0,64,21,33228.0,2.0,monthly,gyeonggi,desktop,0
813,21,1.0,37,9,58438.0,1.0,monthly,other,desktop,0
814,8,,9,9,55990.0,1.0,monthly,,mobile,0
815,24,4.0,18,46,80716.0,1.0,monthly,,desktop,0
816,25,4.0,50,13,51548.0,2.0,annual,seoul,mobile,0
817,1,4.0,33,30,52426.0,2.0,monthly,seoul,mobile,1
818,3,3.0,16,49,67824.0,0.0,annual,other,mobile,1
819,20,0.0,58,54,35105.0,1.0,monthly,seoul,desktop,0
820,30,3.0,9,16,51687.0,0.0,monthly,gyeonggi,desktop,0
821,0,3.0,16,6,48164.0,,monthly,gyeonggi,mobile,0
822,20,2.0,34,47,52916.0,3.0,monthly,other,desktop,0
823,4,0.0,3,41,67726.0,1.0,monthly,other,desktop,1
824,20,4.0,28,20,63312.0,1.0,monthly,gyeonggi,mobile,0
825,19,2.0,66,36,43770.0,2.0,monthly,seoul,desktop,1
826,2,1.0,68,11,57050.0,0.0,two_year,seoul,mobile,0
827,21,2.0,63,42,,1.0,monthly,,mobile,0
828,27,5.0,24,44,42530.0,2.0,monthly,seoul,mobile,0
829,26,3.0,5,18,,1.0,monthly,gyeonggi,mobile,1
830,0,5.0,59,28,52103.0,0.0,annual,other,mobile,0
831,7,3.0,27,20,54055.0,5.0,two_year,gyeonggi,mobile,0
832,7,5.0,54,1,30540.0,2.0,annual,gyeonggi,mobile,0
833,14,5.0,9,7,76161.0,,annual,gyeonggi,desktop,0
834,4,2.0,49,58,43385.0,1.0,annual,other,desktop,1
835,26,3.0,43,27,70391.0,2.0,monthly,gyeonggi,mobile,0
836,24,2.0,67,9,45679.0,0.0,two_year,gyeonggi,mobile,0
837,25,1.0,8,2,45617.0,1.0,annual,seoul,mobile,0
838,6,4.0,30,21,73197.0,2.0,monthly,gyeonggi,desktop,0
839,0,3.0,72,59,,1.0,monthly,seoul,desktop,1
840,28,1.0,29,23,58130.0,2.0,monthly,gyeonggi,mobile,0
841,8,2.0,48,60,66417.0,1.0,monthly,gyeonggi,desktop,1
842,20,0.0,12,29,,2.0,annual,seoul,mobile,0
843,28,1.0,53,46,54874.0,1.0,monthly,gyeonggi,tablet,1
844,1,6.0,20,47,45076.0,1.0,annual,seoul,mobile,0
845,0,4.0,42,1,68561.0,,two_year,seoul,mobile,0
846,0,5.0,64,0,44599.0,2.0,monthly,seoul,desktop,0
847,4,2.0,48,56,77277.0,4.0,monthly,seoul,mobile,0
848,1,3.0,35,56,50262.0,1.0,annual,other,mobile,1
849,25,6.0,14,8,55308.0,0.0,annual,other,mobile,0
850,18,4.0,25,39,66381.0,2.0,monthly,gyeonggi,mobile,0
851,30,4.0,62,56,55358.0,0.0,monthly,gyeonggi,desktop,1
852,24,,16,57,50531.0,1.0,annual,other,desktop,0
853,29,4.0,48,18,54550.0,0.0,two_year,other,mobile,0
854,7,2.0,35,49,68407.0,0.0,monthly,gyeonggi,desktop,0
855,8,2.0,24,39,45057.0,0.0,monthly,seoul,mobile,1
856,26,2.0,52,56,53106.0,2.0,two_year,gyeonggi,tablet,0
857,7,1.0,27,8,55154.0,2.0,monthly,other,mobile,1
858,1,2.0,21,36,67969.0,3.0,monthly,seoul,desktop,1
859,20,2.0,39,1,53502.0,3.0,annual,gyeonggi,tablet,1
860,24,6.0,55,21,82124.0,2.0,monthly,seoul,desktop,0
861,30,4.0,63,0,52652.0,1.0,monthly,seoul,desktop,0
862,28,1.0,46,27,51435.0,0.0,annual,gyeonggi,mobile,0
863,3,3.0,48,49,52435.0,1.0,annual,seoul,desktop,0
864,23,2.0,57,40,35250.0,1.0,annual,other,mobile,1
865,26,2.0,20,19,39449.0,3.0,monthly,other,mobile,0
866,21,2.0,19,26,47040.0,3.0,annual,seoul,tablet,0
867,25,1.0,35,22,72037.0,2.0,annual,other,mobile,0
868,25,2.0,46,44,54503.0,0.0,annual,other,mobile,1
869,13,1.0,47,16,47730.0,1.0,annual,gyeonggi,tablet,0
870,1,3.0,12,5,73398.0,1.0,annual,gyeonggi,mobile,1
871,14,5.0,57,30,78268.0,1.0,two_year,other,mobile,0
872,6,1.0,27,50,73831.0,2.0,annual,gyeonggi,mobile,1
873,3,1.0,64,29,42204.0,1.0,monthly,seoul,desktop,0
874,3,1.0,53,12,47571.0,2.0,two_year,seoul,desktop,1
875,21,2.0,71,2,82206.0,2.0,two_year,seoul,mobile,0
876,15,3.0,46,57,58617.0,3.0,monthly,gyeonggi,desktop,1
877,16,2.0,38,46,50986.0,1.0,monthly,seoul,mobile,1
878,23,2.0,14,9,65775.0,0.0,annual,gyeonggi,desktop,0
879,16,2.0,29,4,70109.0,2.0,monthly,gyeonggi,desktop,0
880,19,3.0,62,7,46428.0,1.0,annual,other,tablet,0
881,2,2.0,28,22,58292.0,1.0,annual,gyeonggi,mobile,0
882,26,3.0,4,49,,0.0,monthly,other,mobile,1
883,13,6.0,18,9,37596.0,0.0,monthly,other,desktop,0
884,4,2.0,43,49,55185.0,2.0,two_year,seoul,mobile,0
885,25,3.0,46,0,38284.0,0.0,monthly,gyeonggi,mobile,0
886,22,3.0,71,45,40246.0,2.0,annual,seoul,mobile,0
887,1,3.0,68,17,46553.0,0.0,,other,mobile,1
888,5,4.0,39,58,62157.0,3.0,monthly,gyeonggi,tablet,1
889,0,5.0,40,29,50170.0,1.0,annual,seoul,mobile,0
890,8,4.0,58,16,45274.0,,monthly,seoul,desktop,0
891,3,3.0,4,14,55773.0,2.0,annual,gyeonggi,desktop,0
892,22,3.0,43,50,37796.0,2.0,annual,other,mobile,1
893,16,2.0,35,24,61432.0,0.0,monthly,other,mobile,0
894,30,0.0,57,21,71971.0,1.0,monthly,seoul,mobile,0
895,23,3.0,58,44,53812.0,,annual,seoul,mobile,0
896,18,2.0,48,32,51960.0,1.0,annual,gyeonggi,mobile,0
897,15,5.0,48,40,60602.0,0.0,annual,gyeonggi,desktop,0
898,1,1.0,50,27,24573.0,2.0,annual,seoul,mobile,0
899,2,3.0,42,3,63052.0,1.0,monthly,seoul,mobile,0
900,19,2.0,17,0,101528.0,1.0,monthly,other,mobile,0
901,0,5.0,21,2,53160.0,0.0,annual,gyeonggi,mobile,0
902,1,2.0,54,35,53213.0,2.0,annual,gyeonggi,mobile,0
903,6,7.0,45,31,,2.0,,gyeonggi,tablet,0
904,27,4.0,18,45,79680.0,,monthly,gyeonggi,mobile,1
905,14,6.0,64,54,69625.0,0.0,annual,gyeonggi,mobile,1
906,21,6.0,71,10,22666.0,2.0,,seoul,mobile,0
907,12,,46,58,63451.0,1.0,monthly,seoul,desktop,1
908,5,6.0,17,56,93579.0,2.0,annual,other,desktop,1
909,11,2.0,68,37,64337.0,,annual,other,mobile,0
910,2,0.0,18,32,37681.0,2.0,monthly,gyeonggi,desktop,1
911,23,3.0,32,10,59227.0,2.0,,seoul,mobile,0
912,5,4.0,62,10,35790.0,0.0,monthly,seoul,desktop,0
913,11,2.0,38,1,73492.0,4.0,two_year,seoul,mobile,0
914,30,2.0,18,39,40662.0,0.0,monthly,other,desktop,0
915,18,4.0,6,26,56114.0,3.0,monthly,other,desktop,0
916,14,6.0,26,11,42133.0,0.0,monthly,gyeonggi,desktop,0
917,16,7.0,49,8,46803.0,1.0,monthly,other,mobile,0
918,24,4.0,52,3,77292.0,0.0,monthly,seoul,desktop,0
919,7,1.0,17,39,56552.0,2.0,annual,gyeonggi,desktop,0
920,19,,12,41,46612.0,0.0,monthly,seoul,mobile,0
921,27,4.0,51,38,37822.0,0.0,monthly,seoul,mobile,0
922,17,2.0,12,6,26924.0,,monthly,other,mobile,0
923,13,1.0,5,2,36231.0,1.0,monthly,other,mobile,0
924,4,3.0,36,6,,0.0,monthly,seoul,desktop,1
925,7,2.0,42,45,69704.0,1.0,annual,seoul,mobile,0
926,29,3.0,18,45,46595.0,0.0,annual,gyeonggi,desktop,0
927,16,2.0,16,17,78558.0,1.0,annual,seoul,desktop,0
928,9,2.0,17,3,44237.0,1.0,monthly,gyeonggi,desktop,0
929,12,,25,19,51430.0,0.0,two_year,gyeonggi,desktop,0
930,17,,1,49,38806.0,0.0,annual,seoul,desktop,1
931,16,4.0,1,8,,,monthly,seoul,mobile,1
932,21,1.0,27,48,86463.0,0.0,monthly,seoul,mobile,0
933,7,2.0,2,28,,2.0,annual,other,desktop,0
934,20,3.0,23,8,49808.0,0.0,monthly,seoul,tablet,0
935,13,6.0,42,56,73972.0,0.0,monthly,gyeonggi,mobile,1
936,29,1.0,3,31,33296.0,0.0,annual,seoul,tablet,0
937,4,3.0,45,40,,1.0,monthly,gyeonggi,tablet,1
938,4,3.0,45,5,73322.0,3.0,two_year,seoul,mobile,0
939,14,0.0,42,22,56173.0,3.0,monthly,seoul,desktop,0
940,15,5.0,46,38,63254.0,0.0,monthly,gyeonggi,desktop,1
941,21,8.0,59,39,81414.0,1.0,monthly,gyeonggi,mobile,1
942,12,3.0,6,3,84226.0,,monthly,seoul,mobile,0
943,28,4.0,13,36,54070.0,2.0,two_year,seoul,mobile,0
944,14,2.0,23,57,,1.0,annual,other,desktop,1
945,4,3.0,50,47,41200.0,2.0,two_year,seoul,mobile,0
946,3,3.0,63,12,69654.0,1.0,annual,seoul,desktop,0
947,30,1.0,67,55,34423.0,2.0,monthly,gyeonggi,desktop,0
948,4,4.0,42,41,51211.0,3.0,,seoul,desktop,1
949,29,5.0,30,3,56540.0,2.0,monthly,gyeonggi,mobile,0
950,8,2.0,30,7,47455.0,1.0,two_year,gyeonggi,mobile,0
951,2,6.0,5,56,59197.0,0.0,,gyeonggi,mobile,1
952,9,7.0,34,12,93468.0,0.0,monthly,gyeonggi,mobile,0
953,19,,37,5,53176.0,0.0,annual,gyeonggi,mobile,0
954,13,1.0,15,27,48469.0,1.0,annual,gyeonggi,mobile,0
955,24,,56,32,70230.0,1.0,monthly,seoul,mobile,0
956,18,2.0,59,34,58594.0,0.0,annual,seoul,desktop,0
957,12,0.0,22,40,76590.0,1.0,annual,gyeonggi,mobile,1
958,19,0.0,66,60,57470.0,,annual,seoul,mobile,1
959,30,3.0,8,46,51274.0,0.0,monthly,seoul,desktop,0
960,12,6.0,66,1,28244.0,0.0,monthly,,mobile,0
961,4,2.0,56,5,30704.0,4.0,monthly,gyeonggi,tablet,0
962,12,1.0,17,0,27465.0,3.0,two_year,seoul,desktop,0
963,26,6.0,47,24,,1.0,two_year,gyeonggi,mobile,1
964,6,4.0,23,21,34566.0,1.0,annual,other,tablet,0
965,29,2.0,58,56,73834.0,1.0,monthly,gyeonggi,desktop,1
966,18,2.0,12,22,55454.0,2.0,monthly,seoul,desktop,1
967,18,3.0,18,1,51337.0,3.0,annual,other,mobile,0
968,9,3.0,23,53,,2.0,monthly,seoul,mobile,1
969,28,2.0,15,15,64334.0,2.0,annual,other,mobile,0
970,1,4.0,24,55,42933.0,1.0,annual,gyeonggi,desktop,1
971,9,4.0,44,47,40219.0,1.0,monthly,seoul,mobile,0
972,12,3.0,46,53,72825.0,0.0,monthly,other,mobile,1
973,14,5.0,40,50,60319.0,2.0,monthly,gyeonggi,mobile,1
974,14,4.0,14,8,51476.0,8.0,monthly,gyeonggi,mobile,1
975,4,3.0,15,38,64621.0,4.0,annual,gyeonggi,mobile,0
976,6,2.0,67,25,55134.0,1.0,monthly,gyeonggi,mobile,0
977,2,2.0,19,38,60745.0,5.0,monthly,gyeonggi,desktop,1
978,17,0.0,8,45,42747.0,1.0,monthly,other,mobile,0
979,10,2.0,33,30,86056.0,1.0,monthly,seoul,mobile,0
980,17,3.0,1,19,46306.0,1.0,annual,gyeonggi,mobile,0
981,18,1.0,25,55,78340.0,0.0,annual,gyeonggi,mobile,1
982,21,1.0,62,40,52167.0,2.0,,gyeonggi,desktop,1
983,16,4.0,20,54,67106.0,1.0,annual,gyeonggi,mobile,0
984,20,3.0,51,14,66013.0,0.0,monthly,seoul,tablet,0
985,18,1.0,36,51,72203.0,0.0,annual,gyeonggi,tablet,1
986,20,3.0,26,19,42391.0,3.0,monthly,,desktop,0
987,19,3.0,48,28,71135.0,3.0,two_year,seoul,desktop,0
988,9,0.0,43,52,82697.0,0.0,monthly,gyeonggi,mobile,1
989,7,6.0,23,21,51120.0,0.0,monthly,seoul,mobile,1
990,24,1.0,17,15,55521.0,2.0,monthly,seoul,mobile,0
991,10,3.0,67,55,,2.0,annual,seoul,desktop,0
992,17,2.0,13,58,49803.0,0.0,monthly,gyeonggi,mobile,1
993,6,3.0,70,18,80671.0,0.0,two_year,other,mobile,0
994,13,3.0,34,18,39936.0,2.0,monthly,gyeonggi,mobile,1
995,16,3.0,72,13,40868.0,0.0,annual,seoul,desktop,0
996,19,5.0,26,1,79164.0,1.0,annual,other,desktop,0
997,16,3.0,41,33,64368.0,1.0,monthly,seoul,mobile,1
998,11,5.0,45,15,86806.0,3.0,monthly,other,mobile,0
999,29,2.0,25,51,48243.0,1.0,monthly,gyeonggi,mobile,1
1000,15,3.0,16,10,56894.0,1.0,annual,seoul,desktop,0
